component	version	location	role
R	4.6.1	/usr/lib/R	service,worker
cli	3.6.6	/usr/local/lib/R/site-library/cli	service
httpuv	1.6.15	/usr/local/lib/R/site-library/httpuv	service
jsonlite	2.0.0	/usr/local/lib/R/site-library/jsonlite	service,worker
processx	3.9.0	/usr/local/lib/R/site-library/processx	service,worker
digest	0.6.39	/usr/local/lib/R/site-library/digest	service,worker
later	1.4.1	/usr/local/lib/R/site-library/later	service
lifecycle	1.0.5	/usr/local/lib/R/site-library/lifecycle	service
magrittr	2.0.5	/usr/local/lib/R/site-library/magrittr	service
otel	0.2.0	/usr/local/lib/R/site-library/otel	service
promises	1.5.0	/usr/local/lib/R/site-library/promises	service
ps	1.9.3	/usr/local/lib/R/site-library/ps	service,worker
R6	2.6.1	/usr/local/lib/R/site-library/R6	service
Rcpp	1.1.1.1.1	/usr/local/lib/R/site-library/Rcpp	service
rlang	1.3.0	/usr/local/lib/R/site-library/rlang	service
