path,sha256,size_bytes
PAGe/R/v3_runtime.R,85b6618bb43366e43c19dfcc908ecf8db852c333910d6b20ab218351c47ae67a,44257
PAGe/R/training_workflow.R,076d551be7b27bd2f8d3b22c72cf87d2f523ef9d93903ced69197c9e602134d4,12712
PAGe/R/version_comparison.R,41fb6f44ec4872884512ce4f5e1f7febbca66262b66ce78283c21349847b7a55,1666
PAGe/NAMESPACE,99eaeebf29aaafd13e9ac25f7a090c65fd9e3e07da03427dc5a35167ab9f62c3,5731
PAGe/man/page_v3_models.Rd,d9735a3a338975f9220537a494330ccf26a6f10bae68f9ad654a41842d4423a4,456
PAGe/man/page_version_metrics.Rd,9578a04a9cbad8eee9ac70dd7f4448ea0bf76efef4920e85847dcd2100b7cf8e,740
PAGe/inst/extdata/page-version-comparison.csv,063bdf9e805a389c951478e9fd8a5716e5477d1cd66866bdb70ef9e2eda1c1ce,2113
PAGe/tests/testthat/test-v3-package-runtime.R,8e491ec5ba4d04e0ec6e97a998f75a43d3205e8b3d47fdd99a267e713fd579ce,10227
PAGe/tests/testthat/test-training-workflow.R,ce6b1558301003c6d945ea676ed5e807b28e4f957a4ac96a23435dde5ceb40b4,7440
PAGe/tests/testthat/test-version-comparison.R,d5785a6aa2ef80c657b2c29e3ba685c85d1b7fae876da748ef0170ca83936f8b,1046
PAGe/vignettes/train-your-own-page.Rmd,3962ca520a019d43d75d2b8e259e0421f806426864580a9ecdce929e44fd4d9f,5210
PAGe/vignettes/deploy-and-forecast.Rmd,1cae1a9ddf88e6410202bafc8d1719067737e805a3f9a1d6f5c40a69260aceef,2805
PAGe/vignettes/canonical-v3-week12.Rmd,14b09352e72050d9c94441fb5b65a3e7578453d1ea4f6ca9e9772f2bfd28b773,3356
PAGe/vignettes/model-version-comparison.Rmd,ab1fa4e2bd6c6b79f0b541ec6ccb0fb8ee4a8f7222ecaf56085c8c835089a13c,3969
docs/page-r-package-v3-release-audit-2026-09-29.md,6eb88ac429f89247d63c4aa0b3a00defc9b6bac982a686b7b88b4af0664db48c,8741
artifacts/page-r-package-v3-release-2026-09-29/R-CMD-check.log,8c264c6bd7ccb6a66aade736c96ab54fd03f657a28461f4179cbc37ea93b7beb,16119
artifacts/page-r-package-v3-release-2026-09-29/release_summary.csv,b95773c6a3e144459924e74b50dd9e2fe9806ec608e273f0ff51ef3bc4278780,952
PAGe_0.3.0.tar.gz,26bb3b2b1fa0c11d5f8f814cc1c5da4cffaa09216bb2665473d9220372b2947e,715363
PAGe/inst/models/v3-week12/m0_a.rds,9598486e78eedd8e322da77b0d990db60ca07224c3c6ea6ac61cea9cc6fb611d,5219
PAGe/inst/models/v3-week12/m1_a.rds,cfeb370305c5b81d66d7eafd7e45ee7e946836ba9f841854f2ec068cf3d43b09,12905
PAGe/inst/models/v3-week12/m1_b.rds,a98629fc313388487e9b3471ae9934cfae8cbc35cdb707ba371f680162691694,8050
PAGe/inst/models/v3-week12/m2_a.rds,718a7b67f0c264ff5cdad5989cfe198052bcf997af06b5acabf83b35c299aa4a,756
PAGe/inst/models/v3-week12/m2_b.rds,a56333f64dcf30bffcfbfe3c03dc66a5c3507b10d7b404114308a301d977d4e6,12843
PAGe/inst/models/v3-week12/manifest.csv,c03e7eb18032d126f368f73b0908f123b112596caaefd72d95e1bea1e068b6ec,2005
PAGe/inst/extdata/v3-week12/b-active-expected.csv,28fbe8fa7d210104d2400f0da82f867d20b4827937230e1c4fe7e4358222858f,586
PAGe/inst/extdata/v3-week12/b-active-input.csv,1d60b6a94bc294e6442c4d51dbd466b074587b1031cfb57993c8a9662bd02775,1826
PAGe/inst/extdata/v3-week12/ignition-expected.json,8d97fa196d5f3f0c8206719e5c17f63a623dcfa6be9001fa93c533b5f63ccb1f,1907
PAGe/inst/extdata/v3-week12/ignition-panel.csv,648cf263541b65cb5dfdeb4be457b7d4d4f89e0e76eae1ed54dda3d1cd21d234,1151
PAGe/inst/extdata/v3-week12/ignition.RData,6a8ef6eda283f12f5fbb00b1742d0e217e67e0e4afe5c51ede7a29122be8ba7a,308
PAGe/inst/extdata/v3-week12/no-ignition-expected.json,f638a1503039b9ed55324add37d5b22a7d82ebdad5aca912a5a4c405002b3fe3,1756
PAGe/inst/extdata/v3-week12/no-ignition-panel.csv,31a27c08201821ceeedc63aae60c0680bde521bdc7f855523ed95008cf46d039,1077
PAGe/inst/extdata/v3-week12/no-ignition.RData,821a0b77b4476fb8ef2a92b95ea7c592a3910fb2e7a13a07781ea97f2427308c,272
