item,value
package_version,0.3.0
canonical_release_id,5472d08992b5a9da40a9419b75c7427847ff7b1999070041d5e38b0a71da853b
tarball_sha256,26bb3b2b1fa0c11d5f8f814cc1c5da4cffaa09216bb2665473d9220372b2947e
runtime_assertions,53/53
training_workflow_assertions,25/25
comparison_assertions,13/13
targeted_total,91/91
r_cmd_check_exit_code,0
r_cmd_check_status,1_WARNING_2_NOTEs
r_cmd_check_tests,OK
v1_legacy_m1_mae_weeks,1.37518518518519
v2_m1_mae_weeks,1.09254122023805
m1_relative_reduction,0.205531566215263
v1_legacy_m2a_h1_mae_pp,8.40864843434364
v2_m2a_h1_mae_pp,1.77571970120372
v1_legacy_m2a_h2_mae_pp,9.20560936375536
v2_m2a_h2_mae_pp,2.41243617024516
v2_m2b_h2_mae_pp,0.514551588220607
v3_m2b_h2_mae_pp,0.436010448358419
v2_to_v3_m2b_h2_relative_reduction,0.152639971696123
v2_m2b_active_h2_mae_pp,0.735687951168474
v3_m2b_active_h2_mae_pp,0.552438905138133
v2_to_v3_m2b_active_relative_reduction,0.249085289135551
v3_m2b_active_seasons_improved,5/5
