timestamp_utc	pid	pcpu	rss_kb	etime
2026-09-11T02:43:08Z	4	0.0	1964	00:00
2026-09-11T02:43:38Z	4	0.0	1964	00:30
2026-09-11T02:44:08Z	4	0.0	1964	01:00
2026-09-11T02:44:38Z	4	0.0	1964	01:30
2026-09-11T02:45:08Z	4	0.0	1964	02:00
2026-09-11T02:45:38Z	4	0.0	1964	02:30
2026-09-11T02:46:08Z	4	0.0	1964	03:00
2026-09-11T02:46:38Z	4	0.0	1964	03:30
2026-09-11T02:47:08Z	4	0.0	1964	04:00
2026-09-11T02:47:38Z	4	0.0	1964	04:30
2026-09-11T02:48:08Z	4	0.0	1964	05:00
2026-09-11T02:48:38Z	4	0.0	1964	05:30
2026-09-11T02:49:08Z	4	0.0	1964	06:00
2026-09-11T02:49:38Z	4	0.0	1964	06:30
2026-09-11T02:50:08Z	4	0.0	1964	07:00
2026-09-11T02:50:38Z	4	0.0	1964	07:30
2026-09-11T02:51:08Z	4	0.0	1964	08:00
2026-09-11T02:51:38Z	4	0.0	1964	08:30
2026-09-11T02:52:08Z	4	0.0	1964	09:00
2026-09-11T02:52:38Z	4	0.0	1964	09:30
2026-09-11T02:53:08Z	4	0.0	1964	10:00
2026-09-11T02:53:38Z	4	0.0	1964	10:30
2026-09-11T02:54:08Z	4	0.0	1964	11:00
2026-09-11T02:54:38Z	4	0.0	1964	11:30
2026-09-11T02:55:08Z	4	0.0	1964	12:00
2026-09-11T02:55:38Z	4	0.0	1964	12:30
2026-09-11T02:56:08Z	4	0.0	1964	13:00
2026-09-11T02:56:38Z	4	0.0	1964	13:30
2026-09-11T02:57:08Z	4	0.0	1964	14:00
2026-09-11T02:57:38Z	4	0.0	1964	14:30
2026-09-11T02:58:08Z	4	0.0	1964	15:00
2026-09-11T02:58:38Z	4	0.0	1964	15:30
2026-09-11T02:59:08Z	4	0.0	1964	16:00
2026-09-11T02:59:38Z	4	0.0	1964	16:30
2026-09-11T03:00:08Z	4	0.0	1964	17:00
2026-09-11T03:00:38Z	4	0.0	1964	17:30
2026-09-11T03:01:08Z	4	0.0	1964	18:00
2026-09-11T03:01:38Z	4	0.0	1964	18:30
2026-09-11T03:02:08Z	4	0.0	1964	19:00
2026-09-11T03:02:38Z	4	0.0	1964	19:30
2026-09-11T03:03:08Z	4	0.0	1964	20:00
2026-09-11T03:03:38Z	4	0.0	1964	20:30
2026-09-11T03:04:08Z	4	0.0	1964	21:00
2026-09-11T03:04:38Z	4	0.0	1964	21:30
2026-09-11T03:05:09Z	4	0.0	1964	22:01
2026-09-11T03:05:39Z	4	0.0	1964	22:31
2026-09-11T03:06:09Z	4	0.0	1964	23:01
2026-09-11T03:06:39Z	4	0.0	1964	23:31
2026-09-11T03:07:09Z	4	0.0	1964	24:01
2026-09-11T03:07:39Z	4	0.0	1964	24:31
2026-09-11T03:08:09Z	4	0.0	1964	25:01
2026-09-11T03:08:39Z	4	0.0	1964	25:31
2026-09-11T03:09:09Z	4	0.0	1964	26:01
2026-09-11T03:09:39Z	4	0.0	1964	26:31
2026-09-11T03:10:09Z	4	0.0	1964	27:01
2026-09-11T03:10:39Z	4	0.0	1964	27:31
2026-09-11T03:11:09Z	4	0.0	1964	28:01
2026-09-11T03:11:39Z	4	0.0	1964	28:31
2026-09-11T03:12:09Z	4	0.0	1964	29:01
2026-09-11T03:12:39Z	4	0.0	1964	29:31
2026-09-11T03:13:09Z	4	0.0	1964	30:01
2026-09-11T03:13:39Z	4	0.0	1964	30:31
2026-09-11T03:14:09Z	4	0.0	1964	31:01
2026-09-11T03:14:39Z	4	0.0	1964	31:31
2026-09-11T03:15:09Z	4	0.0	1964	32:01
2026-09-11T03:15:39Z	4	0.0	1964	32:31
2026-09-11T03:16:09Z	4	0.0	1964	33:01
2026-09-11T03:16:39Z	4	0.0	1964	33:31
2026-09-11T03:17:09Z	4	0.0	1964	34:01
2026-09-11T03:17:39Z	4	0.0	1964	34:31
2026-09-11T03:18:09Z	4	0.0	1964	35:01
2026-09-11T03:18:39Z	4	0.0	1964	35:31
2026-09-11T03:19:09Z	4	0.0	1964	36:01
2026-09-11T03:19:39Z	4	0.0	1964	36:31
2026-09-11T03:20:09Z	4	0.0	1964	37:01
2026-09-11T03:20:39Z	4	0.0	1964	37:31
2026-09-11T03:21:09Z	4	0.0	1964	38:01
2026-09-11T03:21:39Z	4	0.0	1964	38:31
2026-09-11T03:22:09Z	4	0.0	1964	39:01
2026-09-11T03:22:39Z	4	0.0	1964	39:31
2026-09-11T03:23:09Z	4	0.0	1964	40:01
2026-09-11T03:23:39Z	4	0.0	1964	40:31
2026-09-11T03:24:09Z	4	0.0	1964	41:01
2026-09-11T03:24:39Z	4	0.0	1964	41:31
2026-09-11T03:25:09Z	4	0.0	1964	42:01
2026-09-11T03:25:39Z	4	0.0	1964	42:31
2026-09-11T03:26:09Z	4	0.0	1964	43:01
2026-09-11T03:26:39Z	4	0.0	1964	43:31
2026-09-11T03:27:09Z	4	0.0	1964	44:02
2026-09-11T03:27:40Z	4	0.0	1964	44:32
2026-09-11T03:28:10Z	4	0.0	1964	45:02
2026-09-11T03:28:40Z	4	0.0	1964	45:32
2026-09-11T03:29:10Z	4	0.0	1964	46:02
2026-09-11T03:29:40Z	4	0.0	1964	46:32
2026-09-11T03:30:10Z	4	0.0	1964	47:02
2026-09-11T03:30:40Z	4	0.0	1964	47:32
2026-09-11T03:31:10Z	4	0.0	1964	48:02
2026-09-11T03:31:40Z	4	0.0	1964	48:32
2026-09-11T03:32:10Z	4	0.0	1964	49:02
2026-09-11T03:32:40Z	4	0.0	1964	49:32
2026-09-11T03:33:10Z	4	0.0	1964	50:02
2026-09-11T03:33:40Z	4	0.0	1964	50:32
2026-09-11T03:34:10Z	4	0.0	1964	51:02
2026-09-11T03:34:40Z	4	0.0	1964	51:32
2026-09-11T03:35:10Z	4	0.0	1964	52:02
2026-09-11T03:35:40Z	4	0.0	1964	52:32
2026-09-11T03:36:10Z	4	0.0	1964	53:02
2026-09-11T03:36:40Z	4	0.0	1964	53:32
2026-09-11T03:37:10Z	4	0.0	1964	54:02
2026-09-11T03:37:40Z	4	0.0	1964	54:32
2026-09-11T03:38:10Z	4	0.0	1964	55:02
2026-09-11T03:38:40Z	4	0.0	1964	55:32
2026-09-11T03:39:10Z	4	0.0	1964	56:02
2026-09-11T03:39:40Z	4	0.0	1964	56:32
2026-09-11T03:40:10Z	4	0.0	1964	57:02
2026-09-11T03:40:40Z	4	0.0	1964	57:32
2026-09-11T03:41:10Z	4	0.0	1964	58:02
2026-09-11T03:41:40Z	4	0.0	1964	58:32
2026-09-11T03:42:10Z	4	0.0	1964	59:02
2026-09-11T03:42:40Z	4	0.0	1964	59:32
2026-09-11T03:43:10Z	4	0.0	1964	01:00:02
2026-09-11T03:43:40Z	4	0.0	1964	01:00:32
2026-09-11T03:44:10Z	4	0.0	1964	01:01:02
2026-09-11T03:44:40Z	4	0.0	1964	01:01:32
2026-09-11T03:45:10Z	4	0.0	1964	01:02:02
2026-09-11T03:45:40Z	4	0.0	1964	01:02:32
2026-09-11T03:46:10Z	4	0.0	1964	01:03:02
2026-09-11T03:46:40Z	4	0.0	1964	01:03:32
2026-09-11T03:47:10Z	4	0.0	1964	01:04:02
2026-09-11T03:47:40Z	4	0.0	1964	01:04:32
2026-09-11T03:48:10Z	4	0.0	1964	01:05:02
2026-09-11T03:48:40Z	4	0.0	1964	01:05:32
2026-09-11T03:49:10Z	4	0.0	1964	01:06:02
2026-09-11T03:49:40Z	4	0.0	1964	01:06:33
2026-09-11T03:50:11Z	4	0.0	1964	01:07:03
2026-09-11T03:50:41Z	4	0.0	1964	01:07:33
2026-09-11T03:51:11Z	4	0.0	1964	01:08:03
2026-09-11T03:51:41Z	4	0.0	1964	01:08:33
2026-09-11T03:52:11Z	4	0.0	1964	01:09:03
2026-09-11T03:52:41Z	4	0.0	1964	01:09:33
2026-09-11T03:53:11Z	4	0.0	1964	01:10:03
2026-09-11T03:53:41Z	4	0.0	1964	01:10:33
2026-09-11T03:54:11Z	4	0.0	1964	01:11:03
2026-09-11T03:54:41Z	4	0.0	1964	01:11:33
2026-09-11T03:55:11Z	4	0.0	1964	01:12:03
2026-09-11T03:55:41Z	4	0.0	1964	01:12:33
2026-09-11T03:56:11Z	4	0.0	1964	01:13:03
2026-09-11T03:56:41Z	4	0.0	1964	01:13:33
2026-09-11T03:57:11Z	4	0.0	1964	01:14:03
2026-09-11T03:57:41Z	4	0.0	1964	01:14:33
2026-09-11T03:58:11Z	4	0.0	1964	01:15:03
2026-09-11T03:58:41Z	4	0.0	1964	01:15:33
2026-09-11T03:59:11Z	4	0.0	1964	01:16:03
2026-09-11T03:59:41Z	4	0.0	1964	01:16:33
2026-09-11T04:00:11Z	4	0.0	1964	01:17:03
2026-09-11T04:00:41Z	4	0.0	1964	01:17:33
2026-09-11T04:01:11Z	4	0.0	1964	01:18:03
2026-09-11T04:01:41Z	4	0.0	1964	01:18:33
2026-09-11T04:02:11Z	4	0.0	1964	01:19:03
2026-09-11T04:02:41Z	4	0.0	1964	01:19:33
2026-09-11T04:03:11Z	4	0.0	1964	01:20:03
2026-09-11T04:03:41Z	4	0.0	1964	01:20:33
2026-09-11T04:04:11Z	4	0.0	1964	01:21:03
2026-09-11T04:04:41Z	4	0.0	1964	01:21:33
2026-09-11T04:05:11Z	4	0.0	1964	01:22:03
2026-09-11T04:05:41Z	4	0.0	1964	01:22:33
2026-09-11T04:06:11Z	4	0.0	1964	01:23:03
2026-09-11T04:06:41Z	4	0.0	1964	01:23:33
2026-09-11T04:07:11Z	4	0.0	1964	01:24:03
2026-09-11T04:07:41Z	4	0.0	1964	01:24:33
2026-09-11T04:08:11Z	4	0.0	1964	01:25:03
2026-09-11T04:08:41Z	4	0.0	1964	01:25:33
2026-09-11T04:09:11Z	4	0.0	1964	01:26:03
2026-09-11T04:09:41Z	4	0.0	1964	01:26:33
2026-09-11T04:10:11Z	4	0.0	1964	01:27:03
2026-09-11T04:10:41Z	4	0.0	1964	01:27:33
2026-09-11T04:11:11Z	4	0.0	1964	01:28:03
2026-09-11T04:11:41Z	4	0.0	1964	01:28:34
2026-09-11T04:12:12Z	4	0.0	1964	01:29:04
2026-09-11T04:12:42Z	4	0.0	1964	01:29:34
2026-09-11T04:13:12Z	4	0.0	1964	01:30:04
2026-09-11T04:13:42Z	4	0.0	1964	01:30:34
2026-09-11T04:14:12Z	4	0.0	1964	01:31:04
2026-09-11T04:14:42Z	4	0.0	1964	01:31:34
2026-09-11T04:15:12Z	4	0.0	1964	01:32:04
2026-09-11T04:15:42Z	4	0.0	1964	01:32:34
2026-09-11T04:16:12Z	4	0.0	1964	01:33:04
2026-09-11T04:16:42Z	4	0.0	1964	01:33:34
2026-09-11T04:17:12Z	4	0.0	1964	01:34:04
2026-09-11T04:17:42Z	4	0.0	1964	01:34:34
2026-09-11T04:18:12Z	4	0.0	1964	01:35:04
2026-09-11T04:18:42Z	4	0.0	1964	01:35:34
2026-09-11T04:19:12Z	4	0.0	1964	01:36:04
2026-09-11T04:19:42Z	4	0.0	1964	01:36:34
2026-09-11T04:20:12Z	4	0.0	1964	01:37:04
2026-09-11T04:20:42Z	4	0.0	1964	01:37:34
2026-09-11T04:21:12Z	4	0.0	1964	01:38:04
2026-09-11T04:21:42Z	4	0.0	1964	01:38:34
2026-09-11T04:22:12Z	4	0.0	1964	01:39:04
2026-09-11T04:22:42Z	4	0.0	1964	01:39:34
2026-09-11T04:23:12Z	4	0.0	1964	01:40:04
2026-09-11T04:23:42Z	4	0.0	1964	01:40:34
2026-09-11T04:24:12Z	4	0.0	1964	01:41:04
2026-09-11T04:24:42Z	4	0.0	1964	01:41:34
2026-09-11T04:25:12Z	4	0.0	1964	01:42:04
2026-09-11T04:25:42Z	4	0.0	1964	01:42:34
2026-09-11T04:26:12Z	4	0.0	1964	01:43:04
2026-09-11T04:26:42Z	4	0.0	1964	01:43:34
2026-09-11T04:27:12Z	4	0.0	1964	01:44:04
2026-09-11T04:27:42Z	4	0.0	1964	01:44:34
2026-09-11T04:28:12Z	4	0.0	1964	01:45:04
2026-09-11T04:28:42Z	4	0.0	1964	01:45:34
2026-09-11T04:29:12Z	4	0.0	1964	01:46:04
2026-09-11T04:29:42Z	4	0.0	1964	01:46:34
2026-09-11T04:30:12Z	4	0.0	1964	01:47:04
2026-09-11T04:30:42Z	4	0.0	1964	01:47:34
2026-09-11T04:31:12Z	4	0.0	1964	01:48:04
2026-09-11T04:31:42Z	4	0.0	1964	01:48:34
2026-09-11T04:32:12Z	4	0.0	1964	01:49:04
2026-09-11T04:32:42Z	4	0.0	1964	01:49:34
2026-09-11T04:33:12Z	4	0.0	1964	01:50:04
2026-09-11T04:33:42Z	4	0.0	1964	01:50:34
2026-09-11T04:34:13Z	4	0.0	1964	01:51:05
2026-09-11T04:34:43Z	4	0.0	1964	01:51:35
2026-09-11T04:35:13Z	4	0.0	1964	01:52:05
2026-09-11T04:35:43Z	4	0.0	1964	01:52:35
2026-09-11T04:36:13Z	4	0.0	1964	01:53:05
2026-09-11T04:36:43Z	4	0.0	1964	01:53:35
2026-09-11T04:37:13Z	4	0.0	1964	01:54:05
2026-09-11T04:37:43Z	4	0.0	1964	01:54:35
2026-09-11T04:38:13Z	4	0.0	1964	01:55:05
2026-09-11T04:38:43Z	4	0.0	1964	01:55:35
2026-09-11T04:39:13Z	4	0.0	1964	01:56:05
2026-09-11T04:39:43Z	4	0.0	1964	01:56:35
2026-09-11T04:40:13Z	4	0.0	1964	01:57:05
2026-09-11T04:40:43Z	4	0.0	1964	01:57:35
2026-09-11T04:41:13Z	4	0.0	1964	01:58:05
2026-09-11T04:41:43Z	4	0.0	1964	01:58:35
2026-09-11T04:42:13Z	4	0.0	1964	01:59:05
2026-09-11T04:42:43Z	4	0.0	1964	01:59:35
2026-09-11T04:43:13Z	4	0.0	1964	02:00:05
2026-09-11T04:43:43Z	4	0.0	1964	02:00:35
2026-09-11T04:44:13Z	4	0.0	1964	02:01:05
2026-09-11T04:44:43Z	4	0.0	1964	02:01:35
2026-09-11T04:45:13Z	4	0.0	1964	02:02:05
2026-09-11T04:45:43Z	4	0.0	1964	02:02:35
2026-09-11T04:46:13Z	4	0.0	1964	02:03:05
2026-09-11T04:46:43Z	4	0.0	1964	02:03:35
2026-09-11T04:47:13Z	4	0.0	1964	02:04:05
2026-09-11T04:47:43Z	4	0.0	1964	02:04:35
2026-09-11T04:48:13Z	4	0.0	1964	02:05:05
2026-09-11T04:48:43Z	4	0.0	1964	02:05:35
2026-09-11T04:49:13Z	4	0.0	1964	02:06:05
2026-09-11T04:49:43Z	4	0.0	1964	02:06:35
2026-09-11T04:50:13Z	4	0.0	1964	02:07:05
2026-09-11T04:50:43Z	4	0.0	1964	02:07:35
2026-09-11T04:51:13Z	4	0.0	1964	02:08:05
2026-09-11T04:51:43Z	4	0.0	1964	02:08:35
2026-09-11T04:52:13Z	4	0.0	1964	02:09:05
2026-09-11T04:52:43Z	4	0.0	1964	02:09:35
2026-09-11T04:53:13Z	4	0.0	1964	02:10:05
2026-09-11T04:53:43Z	4	0.0	1964	02:10:35
2026-09-11T04:54:13Z	4	0.0	1964	02:11:05
2026-09-11T04:54:43Z	4	0.0	1964	02:11:35
2026-09-11T04:55:13Z	4	0.0	1964	02:12:05
2026-09-11T04:55:43Z	4	0.0	1964	02:12:35
2026-09-11T04:56:14Z	4	0.0	1964	02:13:06
2026-09-11T04:56:44Z	4	0.0	1964	02:13:36
2026-09-11T04:57:14Z	4	0.0	1964	02:14:06
2026-09-11T04:57:44Z	4	0.0	1964	02:14:36
2026-09-11T04:58:14Z	4	0.0	1964	02:15:06
2026-09-11T04:58:44Z	4	0.0	1964	02:15:36
2026-09-11T04:59:14Z	4	0.0	1964	02:16:06
2026-09-11T04:59:44Z	4	0.0	1964	02:16:36
2026-09-11T05:00:14Z	4	0.0	1964	02:17:06
2026-09-11T05:00:44Z	4	0.0	1964	02:17:36
2026-09-11T05:01:14Z	4	0.0	1964	02:18:06
2026-09-11T05:01:44Z	4	0.0	1964	02:18:36
2026-09-11T05:02:14Z	4	0.0	1964	02:19:06
2026-09-11T05:02:44Z	4	0.0	1964	02:19:36
2026-09-11T05:03:14Z	4	0.0	1964	02:20:06
2026-09-11T05:03:44Z	4	0.0	1964	02:20:36
2026-09-11T05:04:14Z	4	0.0	1964	02:21:06
2026-09-11T05:04:44Z	4	0.0	1964	02:21:36
2026-09-11T05:05:14Z	4	0.0	1964	02:22:06
2026-09-11T05:05:44Z	4	0.0	1964	02:22:36
2026-09-11T05:06:14Z	4	0.0	1964	02:23:06
2026-09-11T05:06:44Z	4	0.0	1964	02:23:36
2026-09-11T05:07:14Z	4	0.0	1964	02:24:06
2026-09-11T05:07:44Z	4	0.0	1964	02:24:36
2026-09-11T05:08:14Z	4	0.0	1964	02:25:06
2026-09-11T05:08:44Z	4	0.0	1964	02:25:36
2026-09-11T05:09:14Z	4	0.0	1964	02:26:06
2026-09-11T05:09:44Z	4	0.0	1964	02:26:36
2026-09-11T05:10:14Z	4	0.0	1964	02:27:06
2026-09-11T05:10:44Z	4	0.0	1964	02:27:36
2026-09-11T05:11:14Z	4	0.0	1964	02:28:06
2026-09-11T05:11:44Z	4	0.0	1964	02:28:36
2026-09-11T05:12:14Z	4	0.0	1964	02:29:06
2026-09-11T05:12:44Z	4	0.0	1964	02:29:36
2026-09-11T05:13:14Z	4	0.0	1964	02:30:06
2026-09-11T05:13:44Z	4	0.0	1964	02:30:36
2026-09-11T05:14:14Z	4	0.0	1964	02:31:06
2026-09-11T05:14:44Z	4	0.0	1964	02:31:36
2026-09-11T05:15:14Z	4	0.0	1964	02:32:06
2026-09-11T05:15:44Z	4	0.0	1964	02:32:36
2026-09-11T05:16:14Z	4	0.0	1964	02:33:06
2026-09-11T05:16:44Z	4	0.0	1964	02:33:36
2026-09-11T05:17:14Z	4	0.0	1964	02:34:06
2026-09-11T05:17:44Z	4	0.0	1964	02:34:36
2026-09-11T05:18:14Z	4	0.0	1964	02:35:06
2026-09-11T05:18:44Z	4	0.0	1964	02:35:37
2026-09-11T05:19:15Z	4	0.0	1964	02:36:07
2026-09-11T05:19:45Z	4	0.0	1964	02:36:37
2026-09-11T05:20:15Z	4	0.0	1964	02:37:07
2026-09-11T05:20:45Z	4	0.0	1964	02:37:37
2026-09-11T05:21:15Z	4	0.0	1964	02:38:07
2026-09-11T05:21:45Z	4	0.0	1964	02:38:37
2026-09-11T05:22:15Z	4	0.0	1964	02:39:07
2026-09-11T05:22:45Z	4	0.0	1964	02:39:37
2026-09-11T05:23:15Z	4	0.0	1964	02:40:07
2026-09-11T05:23:45Z	4	0.0	1964	02:40:37
2026-09-11T05:24:15Z	4	0.0	1964	02:41:07
2026-09-11T05:24:45Z	4	0.0	1964	02:41:37
2026-09-11T05:25:15Z	4	0.0	1964	02:42:07
2026-09-11T05:25:45Z	4	0.0	1964	02:42:37
2026-09-11T05:26:15Z	4	0.0	1964	02:43:07
2026-09-11T05:26:45Z	4	0.0	1964	02:43:37
2026-09-11T05:27:15Z	4	0.0	1964	02:44:07
2026-09-11T05:27:45Z	4	0.0	1964	02:44:37
2026-09-11T05:28:15Z	4	0.0	1964	02:45:07
2026-09-11T05:28:45Z	4	0.0	1964	02:45:37
2026-09-11T05:29:15Z	4	0.0	1964	02:46:07
2026-09-11T05:29:45Z	4	0.0	1964	02:46:37
2026-09-11T05:30:15Z	4	0.0	1964	02:47:07
2026-09-11T05:30:45Z	4	0.0	1964	02:47:37
2026-09-11T05:31:15Z	4	0.0	1964	02:48:07
2026-09-11T05:31:45Z	4	0.0	1964	02:48:37
2026-09-11T05:32:15Z	4	0.0	1964	02:49:07
2026-09-11T05:32:45Z	4	0.0	1964	02:49:37
2026-09-11T05:33:15Z	4	0.0	1964	02:50:07
2026-09-11T05:33:45Z	4	0.0	1964	02:50:37
2026-09-11T05:34:15Z	4	0.0	1964	02:51:07
2026-09-11T05:34:45Z	4	0.0	1964	02:51:37
2026-09-11T05:35:15Z	4	0.0	1964	02:52:07
2026-09-11T05:35:45Z	4	0.0	1964	02:52:37
2026-09-11T05:36:15Z	4	0.0	1964	02:53:07
2026-09-11T05:36:45Z	4	0.0	1964	02:53:37
2026-09-11T05:37:15Z	4	0.0	1964	02:54:07
2026-09-11T05:37:45Z	4	0.0	1964	02:54:37
2026-09-11T05:38:15Z	4	0.0	1964	02:55:07
2026-09-11T05:38:45Z	4	0.0	1964	02:55:37
2026-09-11T05:39:15Z	4	0.0	1964	02:56:07
2026-09-11T05:39:46Z	4	0.0	1964	02:56:38
2026-09-11T05:40:16Z	4	0.0	1964	02:57:08
2026-09-11T05:40:46Z	4	0.0	1964	02:57:38
2026-09-11T05:41:16Z	4	0.0	1964	02:58:08
2026-09-11T05:41:46Z	4	0.0	1964	02:58:38
2026-09-11T05:42:16Z	4	0.0	1964	02:59:08
2026-09-11T05:42:46Z	4	0.0	1964	02:59:38
2026-09-11T05:43:16Z	4	0.0	1964	03:00:08
2026-09-11T05:43:46Z	4	0.0	1964	03:00:38
2026-09-11T05:44:16Z	4	0.0	1964	03:01:08
2026-09-11T05:44:46Z	4	0.0	1964	03:01:38
2026-09-11T05:45:16Z	4	0.0	1964	03:02:08
2026-09-11T05:45:46Z	4	0.0	1964	03:02:38
2026-09-11T05:46:16Z	4	0.0	1964	03:03:08
2026-09-11T05:46:46Z	4	0.0	1964	03:03:38
2026-09-11T05:47:16Z	4	0.0	1964	03:04:08
2026-09-11T05:47:46Z	4	0.0	1964	03:04:38
2026-09-11T05:48:16Z	4	0.0	1964	03:05:08
2026-09-11T05:48:46Z	4	0.0	1964	03:05:38
2026-09-11T05:49:16Z	4	0.0	1964	03:06:08
2026-09-11T05:49:46Z	4	0.0	1964	03:06:38
2026-09-11T05:50:16Z	4	0.0	1964	03:07:08
2026-09-11T05:50:46Z	4	0.0	1964	03:07:38
2026-09-11T05:51:16Z	4	0.0	1964	03:08:08
2026-09-11T05:51:46Z	4	0.0	1964	03:08:38
2026-09-11T05:52:16Z	4	0.0	1964	03:09:08
2026-09-11T05:52:46Z	4	0.0	1964	03:09:38
2026-09-11T05:53:16Z	4	0.0	1964	03:10:08
2026-09-11T05:53:46Z	4	0.0	1964	03:10:38
2026-09-11T05:54:16Z	4	0.0	1964	03:11:08
2026-09-11T05:54:46Z	4	0.0	1964	03:11:38
2026-09-11T05:55:16Z	4	0.0	1964	03:12:08
2026-09-11T05:55:46Z	4	0.0	1964	03:12:38
2026-09-11T05:56:16Z	4	0.0	1964	03:13:08
2026-09-11T05:56:46Z	4	0.0	1964	03:13:38
2026-09-11T05:57:16Z	4	0.0	1964	03:14:08
2026-09-11T05:57:46Z	4	0.0	1964	03:14:38
2026-09-11T05:58:16Z	4	0.0	1964	03:15:08
2026-09-11T05:58:46Z	4	0.0	1964	03:15:38
2026-09-11T05:59:16Z	4	0.0	1964	03:16:08
2026-09-11T05:59:46Z	4	0.0	1964	03:16:38
2026-09-11T06:00:16Z	4	0.0	1964	03:17:08
2026-09-11T06:00:46Z	4	0.0	1964	03:17:38
2026-09-11T06:01:16Z	4	0.0	1964	03:18:08
2026-09-11T06:01:46Z	4	0.0	1964	03:18:39
2026-09-11T06:02:17Z	4	0.0	1964	03:19:09
2026-09-11T06:02:47Z	4	0.0	1964	03:19:39
2026-09-11T06:03:17Z	4	0.0	1964	03:20:09
2026-09-11T06:03:47Z	4	0.0	1964	03:20:39
2026-09-11T06:04:17Z	4	0.0	1964	03:21:09
2026-09-11T06:04:47Z	4	0.0	1964	03:21:39
2026-09-11T06:05:17Z	4	0.0	1964	03:22:09
2026-09-11T06:05:47Z	4	0.0	1964	03:22:39
2026-09-11T06:06:17Z	4	0.0	1964	03:23:09
2026-09-11T06:06:47Z	4	0.0	1964	03:23:39
2026-09-11T06:07:17Z	4	0.0	1964	03:24:09
2026-09-11T06:07:47Z	4	0.0	1964	03:24:39
2026-09-11T06:08:17Z	4	0.0	1964	03:25:09
2026-09-11T06:08:47Z	4	0.0	1964	03:25:39
2026-09-11T06:09:17Z	4	0.0	1964	03:26:09
2026-09-11T06:09:47Z	4	0.0	1964	03:26:39
2026-09-11T06:10:17Z	4	0.0	1964	03:27:09
2026-09-11T06:10:47Z	4	0.0	1964	03:27:39
2026-09-11T06:11:17Z	4	0.0	1964	03:28:09
2026-09-11T06:11:47Z	4	0.0	1964	03:28:39
2026-09-11T06:12:17Z	4	0.0	1964	03:29:09
2026-09-11T06:12:47Z	4	0.0	1964	03:29:39
2026-09-11T06:13:17Z	4	0.0	1964	03:30:09
2026-09-11T06:13:47Z	4	0.0	1964	03:30:39
2026-09-11T06:14:17Z	4	0.0	1964	03:31:09
2026-09-11T06:14:47Z	4	0.0	1964	03:31:39
2026-09-11T06:15:17Z	4	0.0	1964	03:32:09
2026-09-11T06:15:47Z	4	0.0	1964	03:32:39
2026-09-11T06:16:17Z	4	0.0	1964	03:33:09
2026-09-11T06:16:47Z	4	0.0	1964	03:33:39
2026-09-11T06:17:17Z	4	0.0	1964	03:34:09
2026-09-11T06:17:47Z	4	0.0	1964	03:34:39
2026-09-11T06:18:17Z	4	0.0	1964	03:35:09
2026-09-11T06:18:47Z	4	0.0	1964	03:35:39
2026-09-11T06:19:17Z	4	0.0	1964	03:36:09
2026-09-11T06:19:47Z	4	0.0	1964	03:36:39
2026-09-11T06:20:17Z	4	0.0	1964	03:37:09
2026-09-11T06:20:47Z	4	0.0	1964	03:37:39
2026-09-11T06:21:17Z	4	0.0	1964	03:38:09
2026-09-11T06:21:47Z	4	0.0	1964	03:38:39
2026-09-11T06:22:17Z	4	0.0	1964	03:39:09
2026-09-11T06:22:47Z	4	0.0	1964	03:39:39
2026-09-11T06:23:17Z	4	0.0	1964	03:40:10
2026-09-11T06:23:48Z	4	0.0	1964	03:40:40
2026-09-11T06:24:18Z	4	0.0	1964	03:41:10
2026-09-11T06:24:48Z	4	0.0	1964	03:41:40
2026-09-11T06:25:18Z	4	0.0	1964	03:42:10
2026-09-11T06:25:48Z	4	0.0	1964	03:42:40
2026-09-11T06:26:18Z	4	0.0	1964	03:43:10
2026-09-11T06:26:48Z	4	0.0	1964	03:43:40
2026-09-11T06:27:18Z	4	0.0	1964	03:44:10
2026-09-11T06:27:48Z	4	0.0	1964	03:44:40
2026-09-11T06:28:18Z	4	0.0	1964	03:45:10
2026-09-11T06:28:48Z	4	0.0	1964	03:45:40
2026-09-11T06:29:18Z	4	0.0	1964	03:46:10
2026-09-11T06:29:48Z	4	0.0	1964	03:46:40
2026-09-11T06:30:18Z	4	0.0	1964	03:47:10
2026-09-11T06:30:48Z	4	0.0	1964	03:47:40
2026-09-11T06:31:18Z	4	0.0	1964	03:48:10
2026-09-11T06:31:48Z	4	0.0	1964	03:48:40
2026-09-11T06:32:18Z	4	0.0	1964	03:49:10
2026-09-11T06:32:48Z	4	0.0	1964	03:49:40
2026-09-11T06:33:18Z	4	0.0	1964	03:50:10
2026-09-11T06:33:48Z	4	0.0	1964	03:50:40
2026-09-11T06:34:18Z	4	0.0	1964	03:51:10
2026-09-11T06:34:48Z	4	0.0	1964	03:51:40
2026-09-11T06:35:18Z	4	0.0	1964	03:52:10
2026-09-11T06:35:48Z	4	0.0	1964	03:52:40
2026-09-11T06:36:18Z	4	0.0	1964	03:53:10
2026-09-11T06:36:48Z	4	0.0	1964	03:53:40
2026-09-11T06:37:18Z	4	0.0	1964	03:54:10
2026-09-11T06:37:48Z	4	0.0	1964	03:54:40
2026-09-11T06:38:18Z	4	0.0	1964	03:55:10
2026-09-11T06:38:48Z	4	0.0	1964	03:55:40
2026-09-11T06:39:18Z	4	0.0	1964	03:56:10
2026-09-11T06:39:48Z	4	0.0	1964	03:56:40
2026-09-11T06:40:18Z	4	0.0	1964	03:57:10
2026-09-11T06:40:48Z	4	0.0	1964	03:57:40
2026-09-11T06:41:18Z	4	0.0	1964	03:58:10
2026-09-11T06:41:48Z	4	0.0	1964	03:58:40
2026-09-11T06:42:18Z	4	0.0	1964	03:59:11
2026-09-11T06:42:49Z	4	0.0	1964	03:59:41
2026-09-11T06:43:19Z	4	0.0	1964	04:00:11
2026-09-11T06:43:49Z	4	0.0	1964	04:00:41
2026-09-11T06:44:19Z	4	0.0	1964	04:01:11
2026-09-11T06:44:49Z	4	0.0	1964	04:01:41
2026-09-11T06:45:19Z	4	0.0	1964	04:02:11
2026-09-11T06:45:49Z	4	0.0	1964	04:02:41
2026-09-11T06:46:19Z	4	0.0	1964	04:03:11
2026-09-11T06:46:49Z	4	0.0	1964	04:03:41
2026-09-11T06:47:19Z	4	0.0	1964	04:04:11
2026-09-11T06:47:49Z	4	0.0	1964	04:04:41
2026-09-11T06:48:19Z	4	0.0	1964	04:05:11
2026-09-11T06:48:49Z	4	0.0	1964	04:05:41
2026-09-11T06:49:19Z	4	0.0	1964	04:06:11
2026-09-11T06:49:49Z	4	0.0	1964	04:06:41
2026-09-11T06:50:19Z	4	0.0	1964	04:07:11
2026-09-11T06:50:49Z	4	0.0	1964	04:07:41
2026-09-11T06:51:19Z	4	0.0	1964	04:08:11
2026-09-11T06:51:49Z	4	0.0	1964	04:08:41
2026-09-11T06:52:19Z	4	0.0	1964	04:09:11
2026-09-11T06:52:49Z	4	0.0	1964	04:09:41
2026-09-11T06:53:19Z	4	0.0	1964	04:10:11
2026-09-11T06:53:49Z	4	0.0	1964	04:10:41
2026-09-11T06:54:19Z	4	0.0	1964	04:11:11
2026-09-11T06:54:49Z	4	0.0	1964	04:11:41
2026-09-11T06:55:19Z	4	0.0	1964	04:12:11
2026-09-11T06:55:49Z	4	0.0	1964	04:12:41
2026-09-11T06:56:19Z	4	0.0	1964	04:13:11
2026-09-11T06:56:49Z	4	0.0	1964	04:13:41
2026-09-11T06:57:19Z	4	0.0	1964	04:14:11
2026-09-11T06:57:49Z	4	0.0	1964	04:14:41
2026-09-11T06:58:19Z	4	0.0	1964	04:15:11
2026-09-11T06:58:49Z	4	0.0	1964	04:15:41
2026-09-11T06:59:19Z	4	0.0	1964	04:16:11
2026-09-11T06:59:49Z	4	0.0	1964	04:16:41
2026-09-11T07:00:19Z	4	0.0	1964	04:17:11
2026-09-11T07:00:49Z	4	0.0	1964	04:17:41
2026-09-11T07:01:19Z	4	0.0	1964	04:18:11
2026-09-11T07:01:49Z	4	0.0	1964	04:18:41
2026-09-11T07:02:19Z	4	0.0	1964	04:19:11
2026-09-11T07:02:49Z	4	0.0	1964	04:19:41
2026-09-11T07:03:19Z	4	0.0	1964	04:20:12
2026-09-11T07:03:50Z	4	0.0	1964	04:20:42
2026-09-11T07:04:20Z	4	0.0	1964	04:21:12
2026-09-11T07:04:50Z	4	0.0	1964	04:21:42
2026-09-11T07:05:20Z	4	0.0	1964	04:22:12
2026-09-11T07:05:50Z	4	0.0	1964	04:22:42
2026-09-11T07:06:20Z	4	0.0	1964	04:23:12
2026-09-11T07:06:50Z	4	0.0	1964	04:23:42
2026-09-11T07:07:20Z	4	0.0	1964	04:24:12
2026-09-11T07:07:50Z	4	0.0	1964	04:24:42
2026-09-11T07:08:20Z	4	0.0	1964	04:25:12
2026-09-11T07:08:50Z	4	0.0	1964	04:25:42
2026-09-11T07:09:20Z	4	0.0	1964	04:26:12
2026-09-11T07:09:50Z	4	0.0	1964	04:26:42
2026-09-11T07:10:20Z	4	0.0	1964	04:27:12
2026-09-11T07:10:50Z	4	0.0	1964	04:27:42
2026-09-11T07:11:20Z	4	0.0	1964	04:28:12
2026-09-11T07:11:50Z	4	0.0	1964	04:28:42
2026-09-11T07:12:20Z	4	0.0	1964	04:29:12
2026-09-11T07:12:50Z	4	0.0	1964	04:29:42
2026-09-11T07:13:20Z	4	0.0	1964	04:30:12
2026-09-11T07:13:50Z	4	0.0	1964	04:30:42
2026-09-11T07:14:20Z	4	0.0	1964	04:31:12
2026-09-11T07:14:50Z	4	0.0	1964	04:31:42
2026-09-11T07:15:20Z	4	0.0	1964	04:32:12
2026-09-11T07:15:50Z	4	0.0	1964	04:32:42
2026-09-11T07:16:20Z	4	0.0	1964	04:33:12
2026-09-11T07:16:50Z	4	0.0	1964	04:33:42
2026-09-11T07:17:20Z	4	0.0	1964	04:34:12
2026-09-11T07:17:50Z	4	0.0	1964	04:34:42
2026-09-11T07:18:20Z	4	0.0	1964	04:35:12
2026-09-11T07:18:50Z	4	0.0	1964	04:35:42
2026-09-11T07:19:20Z	4	0.0	1964	04:36:12
2026-09-11T07:19:50Z	4	0.0	1964	04:36:42
2026-09-11T07:20:20Z	4	0.0	1964	04:37:12
2026-09-11T07:20:50Z	4	0.0	1964	04:37:42
2026-09-11T07:21:20Z	4	0.0	1964	04:38:12
2026-09-11T07:21:50Z	4	0.0	1964	04:38:42
2026-09-11T07:22:20Z	4	0.0	1964	04:39:12
2026-09-11T07:22:50Z	4	0.0	1964	04:39:42
2026-09-11T07:23:20Z	4	0.0	1964	04:40:12
2026-09-11T07:23:50Z	4	0.0	1964	04:40:42
2026-09-11T07:24:20Z	4	0.0	1964	04:41:12
2026-09-11T07:24:50Z	4	0.0	1964	04:41:42
2026-09-11T07:25:20Z	4	0.0	1964	04:42:12
2026-09-11T07:25:51Z	4	0.0	1964	04:42:43
2026-09-11T07:26:21Z	4	0.0	1964	04:43:13
2026-09-11T07:26:51Z	4	0.0	1964	04:43:43
2026-09-11T07:27:21Z	4	0.0	1964	04:44:13
2026-09-11T07:27:51Z	4	0.0	1964	04:44:43
2026-09-11T07:28:21Z	4	0.0	1964	04:45:13
2026-09-11T07:28:51Z	4	0.0	1964	04:45:43
2026-09-11T07:29:21Z	4	0.0	1964	04:46:13
2026-09-11T07:29:51Z	4	0.0	1964	04:46:43
2026-09-11T07:30:21Z	4	0.0	1964	04:47:13
2026-09-11T07:30:51Z	4	0.0	1964	04:47:43
2026-09-11T07:31:21Z	4	0.0	1964	04:48:13
2026-09-11T07:31:51Z	4	0.0	1964	04:48:43
2026-09-11T07:32:21Z	4	0.0	1964	04:49:13
2026-09-11T07:32:51Z	4	0.0	1964	04:49:43
2026-09-11T07:33:21Z	4	0.0	1964	04:50:13
2026-09-11T07:33:51Z	4	0.0	1964	04:50:43
2026-09-11T07:34:21Z	4	0.0	1964	04:51:13
2026-09-11T07:34:51Z	4	0.0	1964	04:51:43
2026-09-11T07:35:21Z	4	0.0	1964	04:52:13
2026-09-11T07:35:51Z	4	0.0	1964	04:52:43
2026-09-11T07:36:21Z	4	0.0	1964	04:53:13
2026-09-11T07:36:51Z	4	0.0	1964	04:53:43
2026-09-11T07:37:21Z	4	0.0	1964	04:54:13
2026-09-11T07:37:51Z	4	0.0	1964	04:54:43
2026-09-11T07:38:21Z	4	0.0	1964	04:55:13
2026-09-11T07:38:51Z	4	0.0	1964	04:55:43
2026-09-11T07:39:21Z	4	0.0	1964	04:56:13
2026-09-11T07:39:51Z	4	0.0	1964	04:56:43
2026-09-11T07:40:21Z	4	0.0	1964	04:57:13
2026-09-11T07:40:51Z	4	0.0	1964	04:57:43
2026-09-11T07:41:21Z	4	0.0	1964	04:58:13
2026-09-11T07:41:51Z	4	0.0	1964	04:58:43
2026-09-11T07:42:21Z	4	0.0	1964	04:59:13
2026-09-11T07:42:51Z	4	0.0	1964	04:59:43
2026-09-11T07:43:21Z	4	0.0	1964	05:00:13
2026-09-11T07:43:51Z	4	0.0	1964	05:00:43
2026-09-11T07:44:21Z	4	0.0	1964	05:01:13
2026-09-11T07:44:51Z	4	0.0	1964	05:01:43
2026-09-11T07:45:21Z	4	0.0	1964	05:02:13
2026-09-11T07:45:51Z	4	0.0	1964	05:02:43
2026-09-11T07:46:21Z	4	0.0	1964	05:03:13
2026-09-11T07:46:52Z	4	0.0	1964	05:03:44
2026-09-11T07:47:22Z	4	0.0	1964	05:04:14
2026-09-11T07:47:52Z	4	0.0	1964	05:04:44
2026-09-11T07:48:22Z	4	0.0	1964	05:05:14
2026-09-11T07:48:52Z	4	0.0	1964	05:05:44
2026-09-11T07:49:22Z	4	0.0	1964	05:06:14
2026-09-11T07:49:52Z	4	0.0	1964	05:06:44
2026-09-11T07:50:22Z	4	0.0	1964	05:07:14
2026-09-11T07:50:52Z	4	0.0	1964	05:07:44
2026-09-11T07:51:22Z	4	0.0	1964	05:08:14
2026-09-11T07:51:52Z	4	0.0	1964	05:08:44
2026-09-11T07:52:22Z	4	0.0	1964	05:09:14
2026-09-11T07:52:52Z	4	0.0	1964	05:09:44
2026-09-11T07:53:22Z	4	0.0	1964	05:10:14
2026-09-11T07:53:52Z	4	0.0	1964	05:10:44
2026-09-11T07:54:22Z	4	0.0	1964	05:11:14
2026-09-11T07:54:52Z	4	0.0	1964	05:11:44
2026-09-11T07:55:22Z	4	0.0	1964	05:12:14
2026-09-11T07:55:52Z	4	0.0	1964	05:12:44
2026-09-11T07:56:22Z	4	0.0	1964	05:13:14
2026-09-11T07:56:52Z	4	0.0	1964	05:13:44
2026-09-11T07:57:22Z	4	0.0	1964	05:14:14
2026-09-11T07:57:52Z	4	0.0	1964	05:14:44
2026-09-11T07:58:22Z	4	0.0	1964	05:15:14
2026-09-11T07:58:52Z	4	0.0	1964	05:15:44
2026-09-11T07:59:22Z	4	0.0	1964	05:16:14
2026-09-11T07:59:52Z	4	0.0	1964	05:16:44
2026-09-11T08:00:22Z	4	0.0	1964	05:17:14
2026-09-11T08:00:52Z	4	0.0	1964	05:17:44
2026-09-11T08:01:22Z	4	0.0	1964	05:18:14
2026-09-11T08:01:52Z	4	0.0	1964	05:18:44
2026-09-11T08:02:22Z	4	0.0	1964	05:19:14
2026-09-11T08:02:52Z	4	0.0	1964	05:19:44
2026-09-11T08:03:22Z	4	0.0	1964	05:20:14
2026-09-11T08:03:52Z	4	0.0	1964	05:20:44
2026-09-11T08:04:22Z	4	0.0	1964	05:21:14
2026-09-11T08:04:52Z	4	0.0	1964	05:21:44
2026-09-11T08:05:22Z	4	0.0	1964	05:22:14
2026-09-11T08:05:52Z	4	0.0	1964	05:22:44
2026-09-11T08:06:22Z	4	0.0	1964	05:23:14
2026-09-11T08:06:52Z	4	0.0	1964	05:23:44
2026-09-11T08:07:22Z	4	0.0	1964	05:24:14
2026-09-11T08:07:52Z	4	0.0	1964	05:24:44
2026-09-11T08:08:23Z	4	0.0	1964	05:25:15
2026-09-11T08:08:53Z	4	0.0	1964	05:25:45
2026-09-11T08:09:23Z	4	0.0	1964	05:26:15
2026-09-11T08:09:53Z	4	0.0	1964	05:26:45
2026-09-11T08:10:23Z	4	0.0	1964	05:27:15
2026-09-11T08:10:53Z	4	0.0	1964	05:27:45
2026-09-11T08:11:23Z	4	0.0	1964	05:28:15
2026-09-11T08:11:53Z	4	0.0	1964	05:28:45
2026-09-11T08:12:23Z	4	0.0	1964	05:29:15
2026-09-11T08:12:53Z	4	0.0	1964	05:29:45
2026-09-11T08:13:23Z	4	0.0	1964	05:30:15
2026-09-11T08:13:53Z	4	0.0	1964	05:30:45
2026-09-11T08:14:23Z	4	0.0	1964	05:31:15
2026-09-11T08:14:53Z	4	0.0	1964	05:31:45
2026-09-11T08:15:23Z	4	0.0	1964	05:32:15
2026-09-11T08:15:53Z	4	0.0	1964	05:32:45
2026-09-11T08:16:23Z	4	0.0	1964	05:33:15
2026-09-11T08:16:53Z	4	0.0	1964	05:33:45
2026-09-11T08:17:23Z	4	0.0	1964	05:34:15
2026-09-11T08:17:53Z	4	0.0	1964	05:34:45
2026-09-11T08:18:23Z	4	0.0	1964	05:35:15
2026-09-11T08:18:53Z	4	0.0	1964	05:35:45
2026-09-11T08:19:23Z	4	0.0	1964	05:36:15
2026-09-11T08:19:53Z	4	0.0	1964	05:36:45
2026-09-11T08:20:23Z	4	0.0	1964	05:37:15
2026-09-11T08:20:53Z	4	0.0	1964	05:37:45
2026-09-11T08:21:23Z	4	0.0	1964	05:38:15
2026-09-11T08:21:53Z	4	0.0	1964	05:38:45
2026-09-11T08:22:23Z	4	0.0	1964	05:39:15
2026-09-11T08:22:53Z	4	0.0	1964	05:39:45
2026-09-11T08:23:23Z	4	0.0	1964	05:40:15
2026-09-11T08:23:53Z	4	0.0	1964	05:40:45
2026-09-11T08:24:23Z	4	0.0	1964	05:41:15
2026-09-11T08:24:53Z	4	0.0	1964	05:41:45
2026-09-11T08:25:23Z	4	0.0	1964	05:42:15
2026-09-11T08:25:53Z	4	0.0	1964	05:42:45
2026-09-11T08:26:23Z	4	0.0	1964	05:43:15
2026-09-11T08:26:53Z	4	0.0	1964	05:43:45
2026-09-11T08:27:23Z	4	0.0	1964	05:44:15
2026-09-11T08:27:53Z	4	0.0	1964	05:44:45
2026-09-11T08:28:23Z	4	0.0	1964	05:45:15
2026-09-11T08:28:53Z	4	0.0	1964	05:45:45
2026-09-11T08:29:23Z	4	0.0	1964	05:46:16
2026-09-11T08:29:54Z	4	0.0	1964	05:46:46
2026-09-11T08:30:24Z	4	0.0	1964	05:47:16
2026-09-11T08:30:54Z	4	0.0	1964	05:47:46
2026-09-11T08:31:24Z	4	0.0	1964	05:48:16
2026-09-11T08:31:54Z	4	0.0	1964	05:48:46
2026-09-11T08:32:24Z	4	0.0	1964	05:49:16
2026-09-11T08:32:54Z	4	0.0	1964	05:49:46
2026-09-11T08:33:24Z	4	0.0	1964	05:50:16
2026-09-11T08:33:54Z	4	0.0	1964	05:50:46
2026-09-11T08:34:24Z	4	0.0	1964	05:51:16
2026-09-11T08:34:54Z	4	0.0	1964	05:51:46
2026-09-11T08:35:24Z	4	0.0	1964	05:52:16
2026-09-11T08:35:54Z	4	0.0	1964	05:52:46
2026-09-11T08:36:24Z	4	0.0	1964	05:53:16
2026-09-11T08:36:54Z	4	0.0	1964	05:53:46
2026-09-11T08:37:24Z	4	0.0	1964	05:54:16
2026-09-11T08:37:54Z	4	0.0	1964	05:54:46
2026-09-11T08:38:24Z	4	0.0	1964	05:55:16
2026-09-11T08:38:54Z	4	0.0	1964	05:55:46
2026-09-11T08:39:24Z	4	0.0	1964	05:56:16
2026-09-11T08:39:54Z	4	0.0	1964	05:56:46
2026-09-11T08:40:24Z	4	0.0	1964	05:57:16
2026-09-11T08:40:54Z	4	0.0	1964	05:57:46
2026-09-11T08:41:24Z	4	0.0	1964	05:58:16
2026-09-11T08:41:54Z	4	0.0	1964	05:58:46
2026-09-11T08:42:24Z	4	0.0	1964	05:59:16
2026-09-11T08:42:54Z	4	0.0	1964	05:59:46
2026-09-11T08:43:24Z	4	0.0	1964	06:00:16
2026-09-11T08:43:54Z	4	0.0	1964	06:00:46
2026-09-11T08:44:24Z	4	0.0	1964	06:01:16
2026-09-11T08:44:54Z	4	0.0	1964	06:01:46
2026-09-11T08:45:24Z	4	0.0	1964	06:02:16
2026-09-11T08:45:54Z	4	0.0	1964	06:02:46
2026-09-11T08:46:24Z	4	0.0	1964	06:03:16
2026-09-11T08:46:54Z	4	0.0	1964	06:03:46
2026-09-11T08:47:24Z	4	0.0	1964	06:04:16
2026-09-11T08:47:54Z	4	0.0	1964	06:04:46
2026-09-11T08:48:24Z	4	0.0	1964	06:05:16
2026-09-11T08:48:54Z	4	0.0	1964	06:05:46
2026-09-11T08:49:24Z	4	0.0	1964	06:06:16
2026-09-11T08:49:54Z	4	0.0	1964	06:06:46
2026-09-11T08:50:24Z	4	0.0	1964	06:07:16
2026-09-11T08:50:54Z	4	0.0	1964	06:07:46
2026-09-11T08:51:24Z	4	0.0	1964	06:08:17
2026-09-11T08:51:55Z	4	0.0	1964	06:08:47
2026-09-11T08:52:25Z	4	0.0	1964	06:09:17
2026-09-11T08:52:55Z	4	0.0	1964	06:09:47
2026-09-11T08:53:25Z	4	0.0	1964	06:10:17
2026-09-11T08:53:55Z	4	0.0	1964	06:10:47
2026-09-11T08:54:25Z	4	0.0	1964	06:11:17
2026-09-11T08:54:55Z	4	0.0	1964	06:11:47
2026-09-11T08:55:25Z	4	0.0	1964	06:12:17
2026-09-11T08:55:55Z	4	0.0	1964	06:12:47
2026-09-11T08:56:25Z	4	0.0	1964	06:13:17
2026-09-11T08:56:55Z	4	0.0	1964	06:13:47
2026-09-11T08:57:25Z	4	0.0	1964	06:14:17
2026-09-11T08:57:55Z	4	0.0	1964	06:14:47
2026-09-11T08:58:25Z	4	0.0	1964	06:15:17
2026-09-11T08:58:55Z	4	0.0	1964	06:15:47
2026-09-11T08:59:25Z	4	0.0	1964	06:16:17
2026-09-11T08:59:55Z	4	0.0	1964	06:16:47
2026-09-11T09:00:25Z	4	0.0	1964	06:17:17
2026-09-11T09:00:55Z	4	0.0	1964	06:17:47
2026-09-11T09:01:25Z	4	0.0	1964	06:18:17
2026-09-11T09:01:55Z	4	0.0	1964	06:18:47
2026-09-11T09:02:25Z	4	0.0	1964	06:19:17
2026-09-11T09:02:55Z	4	0.0	1964	06:19:47
2026-09-11T09:03:25Z	4	0.0	1964	06:20:17
2026-09-11T09:03:55Z	4	0.0	1964	06:20:47
2026-09-11T09:04:25Z	4	0.0	1964	06:21:17
2026-09-11T09:04:55Z	4	0.0	1964	06:21:47
2026-09-11T09:05:25Z	4	0.0	1964	06:22:17
2026-09-11T09:05:55Z	4	0.0	1964	06:22:47
2026-09-11T09:06:25Z	4	0.0	1964	06:23:17
2026-09-11T09:06:55Z	4	0.0	1964	06:23:47
2026-09-11T09:07:25Z	4	0.0	1964	06:24:17
2026-09-11T09:07:55Z	4	0.0	1964	06:24:47
2026-09-11T09:08:25Z	4	0.0	1964	06:25:17
2026-09-11T09:08:55Z	4	0.0	1964	06:25:47
2026-09-11T09:09:25Z	4	0.0	1964	06:26:17
2026-09-11T09:09:55Z	4	0.0	1964	06:26:47
2026-09-11T09:10:25Z	4	0.0	1964	06:27:17
2026-09-11T09:10:55Z	4	0.0	1964	06:27:47
2026-09-11T09:11:25Z	4	0.0	1964	06:28:17
2026-09-11T09:11:55Z	4	0.0	1964	06:28:47
2026-09-11T09:12:25Z	4	0.0	1964	06:29:17
2026-09-11T09:12:55Z	4	0.0	1964	06:29:47
2026-09-11T09:13:25Z	4	0.0	1964	06:30:17
2026-09-11T09:13:55Z	4	0.0	1964	06:30:48
2026-09-11T09:14:26Z	4	0.0	1964	06:31:18
2026-09-11T09:14:56Z	4	0.0	1964	06:31:48
2026-09-11T09:15:26Z	4	0.0	1964	06:32:18
2026-09-11T09:15:56Z	4	0.0	1964	06:32:48
2026-09-11T09:16:26Z	4	0.0	1964	06:33:18
2026-09-11T09:16:56Z	4	0.0	1964	06:33:48
2026-09-11T09:17:26Z	4	0.0	1964	06:34:18
2026-09-11T09:17:56Z	4	0.0	1964	06:34:48
2026-09-11T09:18:26Z	4	0.0	1964	06:35:18
2026-09-11T09:18:56Z	4	0.0	1964	06:35:48
2026-09-11T09:19:26Z	4	0.0	1964	06:36:18
2026-09-11T09:19:56Z	4	0.0	1964	06:36:48
2026-09-11T09:20:26Z	4	0.0	1964	06:37:18
2026-09-11T09:20:56Z	4	0.0	1964	06:37:48
2026-09-11T09:21:26Z	4	0.0	1964	06:38:18
2026-09-11T09:21:56Z	4	0.0	1964	06:38:48
2026-09-11T09:22:26Z	4	0.0	1964	06:39:18
2026-09-11T09:22:56Z	4	0.0	1964	06:39:48
2026-09-11T09:23:26Z	4	0.0	1964	06:40:18
2026-09-11T09:23:56Z	4	0.0	1964	06:40:48
2026-09-11T09:24:26Z	4	0.0	1964	06:41:18
2026-09-11T09:24:56Z	4	0.0	1964	06:41:48
2026-09-11T09:25:26Z	4	0.0	1964	06:42:18
2026-09-11T09:25:56Z	4	0.0	1964	06:42:48
2026-09-11T09:26:26Z	4	0.0	1964	06:43:18
2026-09-11T09:26:56Z	4	0.0	1964	06:43:48
2026-09-11T09:27:26Z	4	0.0	1964	06:44:18
2026-09-11T09:27:56Z	4	0.0	1964	06:44:48
2026-09-11T09:28:26Z	4	0.0	1964	06:45:18
2026-09-11T09:28:56Z	4	0.0	1964	06:45:48
2026-09-11T09:29:26Z	4	0.0	1964	06:46:18
2026-09-11T09:29:56Z	4	0.0	1964	06:46:48
2026-09-11T09:30:26Z	4	0.0	1964	06:47:18
2026-09-11T09:30:56Z	4	0.0	1964	06:47:48
2026-09-11T09:31:26Z	4	0.0	1964	06:48:18
2026-09-11T09:31:56Z	4	0.0	1964	06:48:48
2026-09-11T09:32:26Z	4	0.0	1964	06:49:18
2026-09-11T09:32:56Z	4	0.0	1964	06:49:48
2026-09-11T09:33:26Z	4	0.0	1964	06:50:18
2026-09-11T09:33:56Z	4	0.0	1964	06:50:48
2026-09-11T09:34:26Z	4	0.0	1964	06:51:18
2026-09-11T09:34:56Z	4	0.0	1964	06:51:48
2026-09-11T09:35:26Z	4	0.0	1964	06:52:18
2026-09-11T09:35:56Z	4	0.0	1964	06:52:49
2026-09-11T09:36:27Z	4	0.0	1964	06:53:19
2026-09-11T09:36:57Z	4	0.0	1964	06:53:49
2026-09-11T09:37:27Z	4	0.0	1964	06:54:19
2026-09-11T09:37:57Z	4	0.0	1964	06:54:49
2026-09-11T09:38:27Z	4	0.0	1964	06:55:19
2026-09-11T09:38:57Z	4	0.0	1964	06:55:49
2026-09-11T09:39:27Z	4	0.0	1964	06:56:19
2026-09-11T09:39:57Z	4	0.0	1964	06:56:49
2026-09-11T09:40:27Z	4	0.0	1964	06:57:19
2026-09-11T09:40:57Z	4	0.0	1964	06:57:49
2026-09-11T09:41:27Z	4	0.0	1964	06:58:19
2026-09-11T09:41:57Z	4	0.0	1964	06:58:49
2026-09-11T09:42:27Z	4	0.0	1964	06:59:19
2026-09-11T09:42:57Z	4	0.0	1964	06:59:49
2026-09-11T09:43:27Z	4	0.0	1964	07:00:19
2026-09-11T09:43:57Z	4	0.0	1964	07:00:49
2026-09-11T09:44:27Z	4	0.0	1964	07:01:19
2026-09-11T09:44:57Z	4	0.0	1964	07:01:49
2026-09-11T09:45:27Z	4	0.0	1964	07:02:19
2026-09-11T09:45:57Z	4	0.0	1964	07:02:49
2026-09-11T09:46:27Z	4	0.0	1964	07:03:19
2026-09-11T09:46:57Z	4	0.0	1964	07:03:49
2026-09-11T09:47:27Z	4	0.0	1964	07:04:19
2026-09-11T09:47:57Z	4	0.0	1964	07:04:49
2026-09-11T09:48:27Z	4	0.0	1964	07:05:19
2026-09-11T09:48:57Z	4	0.0	1964	07:05:49
2026-09-11T09:49:27Z	4	0.0	1964	07:06:19
2026-09-11T09:49:57Z	4	0.0	1964	07:06:49
2026-09-11T09:50:27Z	4	0.0	1964	07:07:19
2026-09-11T09:50:57Z	4	0.0	1964	07:07:49
2026-09-11T09:51:27Z	4	0.0	1964	07:08:19
2026-09-11T09:51:57Z	4	0.0	1964	07:08:49
2026-09-11T09:52:27Z	4	0.0	1964	07:09:19
2026-09-11T09:52:57Z	4	0.0	1964	07:09:49
2026-09-11T09:53:27Z	4	0.0	1964	07:10:19
2026-09-11T09:53:57Z	4	0.0	1964	07:10:49
2026-09-11T09:54:27Z	4	0.0	1964	07:11:19
2026-09-11T09:54:57Z	4	0.0	1964	07:11:49
2026-09-11T09:55:27Z	4	0.0	1964	07:12:19
2026-09-11T09:55:57Z	4	0.0	1964	07:12:49
2026-09-11T09:56:27Z	4	0.0	1964	07:13:19
2026-09-11T09:56:57Z	4	0.0	1964	07:13:49
2026-09-11T09:57:27Z	4	0.0	1964	07:14:19
2026-09-11T09:57:57Z	4	0.0	1964	07:14:50
2026-09-11T09:58:28Z	4	0.0	1964	07:15:20
2026-09-11T09:58:58Z	4	0.0	1964	07:15:50
2026-09-11T09:59:28Z	4	0.0	1964	07:16:20
2026-09-11T09:59:58Z	4	0.0	1964	07:16:50
2026-09-11T10:00:28Z	4	0.0	1964	07:17:20
2026-09-11T10:00:58Z	4	0.0	1964	07:17:50
2026-09-11T10:01:28Z	4	0.0	1964	07:18:20
2026-09-11T10:01:58Z	4	0.0	1964	07:18:50
2026-09-11T10:02:28Z	4	0.0	1964	07:19:20
2026-09-11T10:02:58Z	4	0.0	1964	07:19:50
2026-09-11T10:03:28Z	4	0.0	1964	07:20:20
2026-09-11T10:03:58Z	4	0.0	1964	07:20:50
2026-09-11T10:04:28Z	4	0.0	1964	07:21:20
2026-09-11T10:04:58Z	4	0.0	1964	07:21:50
2026-09-11T10:05:28Z	4	0.0	1964	07:22:20
2026-09-11T10:05:58Z	4	0.0	1964	07:22:50
2026-09-11T10:06:28Z	4	0.0	1964	07:23:20
2026-09-11T10:06:58Z	4	0.0	1964	07:23:50
2026-09-11T10:07:28Z	4	0.0	1964	07:24:20
2026-09-11T10:07:58Z	4	0.0	1964	07:24:50
2026-09-11T10:08:28Z	4	0.0	1964	07:25:20
2026-09-11T10:08:58Z	4	0.0	1964	07:25:50
2026-09-11T10:09:28Z	4	0.0	1964	07:26:20
2026-09-11T10:09:58Z	4	0.0	1964	07:26:50
2026-09-11T10:10:28Z	4	0.0	1964	07:27:20
2026-09-11T10:10:58Z	4	0.0	1964	07:27:50
2026-09-11T10:11:28Z	4	0.0	1964	07:28:20
2026-09-11T10:11:58Z	4	0.0	1964	07:28:50
2026-09-11T10:12:28Z	4	0.0	1964	07:29:20
2026-09-11T10:12:58Z	4	0.0	1964	07:29:50
2026-09-11T10:13:28Z	4	0.0	1964	07:30:20
2026-09-11T10:13:58Z	4	0.0	1964	07:30:50
2026-09-11T10:14:28Z	4	0.0	1964	07:31:20
2026-09-11T10:14:58Z	4	0.0	1964	07:31:50
2026-09-11T10:15:28Z	4	0.0	1964	07:32:20
2026-09-11T10:15:58Z	4	0.0	1964	07:32:50
2026-09-11T10:16:28Z	4	0.0	1964	07:33:20
2026-09-11T10:16:58Z	4	0.0	1964	07:33:50
2026-09-11T10:17:28Z	4	0.0	1964	07:34:20
2026-09-11T10:17:58Z	4	0.0	1964	07:34:50
2026-09-11T10:18:28Z	4	0.0	1964	07:35:20
2026-09-11T10:18:58Z	4	0.0	1964	07:35:50
2026-09-11T10:19:28Z	4	0.0	1964	07:36:20
2026-09-11T10:19:58Z	4	0.0	1964	07:36:50
2026-09-11T10:20:29Z	4	0.0	1964	07:37:21
2026-09-11T10:20:59Z	4	0.0	1964	07:37:51
2026-09-11T10:21:29Z	4	0.0	1964	07:38:21
2026-09-11T10:21:59Z	4	0.0	1964	07:38:51
2026-09-11T10:22:29Z	4	0.0	1964	07:39:21
2026-09-11T10:22:59Z	4	0.0	1964	07:39:51
2026-09-11T10:23:29Z	4	0.0	1964	07:40:21
2026-09-11T10:23:59Z	4	0.0	1964	07:40:51
2026-09-11T10:24:29Z	4	0.0	1964	07:41:21
2026-09-11T10:24:59Z	4	0.0	1964	07:41:51
2026-09-11T10:25:29Z	4	0.0	1964	07:42:21
2026-09-11T10:25:59Z	4	0.0	1964	07:42:51
2026-09-11T10:26:29Z	4	0.0	1964	07:43:21
2026-09-11T10:26:59Z	4	0.0	1964	07:43:51
2026-09-11T10:27:29Z	4	0.0	1964	07:44:21
2026-09-11T10:27:59Z	4	0.0	1964	07:44:51
2026-09-11T10:28:29Z	4	0.0	1964	07:45:21
2026-09-11T10:28:59Z	4	0.0	1964	07:45:51
2026-09-11T10:29:29Z	4	0.0	1964	07:46:21
2026-09-11T10:29:59Z	4	0.0	1964	07:46:51
2026-09-11T10:30:29Z	4	0.0	1964	07:47:21
2026-09-11T10:30:59Z	4	0.0	1964	07:47:51
2026-09-11T10:31:29Z	4	0.0	1964	07:48:21
2026-09-11T10:31:59Z	4	0.0	1964	07:48:51
2026-09-11T10:32:29Z	4	0.0	1964	07:49:21
2026-09-11T10:32:59Z	4	0.0	1964	07:49:51
2026-09-11T10:33:29Z	4	0.0	1964	07:50:21
2026-09-11T10:33:59Z	4	0.0	1964	07:50:51
2026-09-11T10:34:29Z	4	0.0	1964	07:51:21
2026-09-11T10:34:59Z	4	0.0	1964	07:51:51
2026-09-11T10:35:29Z	4	0.0	1964	07:52:21
2026-09-11T10:35:59Z	4	0.0	1964	07:52:51
2026-09-11T10:36:29Z	4	0.0	1964	07:53:21
2026-09-11T10:36:59Z	4	0.0	1964	07:53:51
2026-09-11T10:37:29Z	4	0.0	1964	07:54:21
2026-09-11T10:37:59Z	4	0.0	1964	07:54:51
2026-09-11T10:38:29Z	4	0.0	1964	07:55:21
2026-09-11T10:38:59Z	4	0.0	1964	07:55:51
2026-09-11T10:39:29Z	4	0.0	1964	07:56:21
2026-09-11T10:39:59Z	4	0.0	1964	07:56:51
2026-09-11T10:40:29Z	4	0.0	1964	07:57:21
2026-09-11T10:40:59Z	4	0.0	1964	07:57:51
2026-09-11T10:41:29Z	4	0.0	1964	07:58:21
2026-09-11T10:41:59Z	4	0.0	1964	07:58:51
2026-09-11T10:42:29Z	4	0.0	1964	07:59:21
2026-09-11T10:42:59Z	4	0.0	1964	07:59:51
2026-09-11T10:43:30Z	4	0.0	1964	08:00:22
2026-09-11T10:44:00Z	4	0.0	1964	08:00:52
2026-09-11T10:44:30Z	4	0.0	1964	08:01:22
2026-09-11T10:45:00Z	4	0.0	1964	08:01:52
2026-09-11T10:45:30Z	4	0.0	1964	08:02:22
2026-09-11T10:46:00Z	4	0.0	1964	08:02:52
2026-09-11T10:46:30Z	4	0.0	1964	08:03:22
2026-09-11T10:47:00Z	4	0.0	1964	08:03:52
2026-09-11T10:47:30Z	4	0.0	1964	08:04:22
2026-09-11T10:48:00Z	4	0.0	1964	08:04:52
2026-09-11T10:48:30Z	4	0.0	1964	08:05:22
2026-09-11T10:49:00Z	4	0.0	1964	08:05:52
2026-09-11T10:49:30Z	4	0.0	1964	08:06:22
2026-09-11T10:50:00Z	4	0.0	1964	08:06:52
2026-09-11T10:50:30Z	4	0.0	1964	08:07:22
2026-09-11T10:51:00Z	4	0.0	1964	08:07:52
2026-09-11T10:51:30Z	4	0.0	1964	08:08:22
2026-09-11T10:52:00Z	4	0.0	1964	08:08:52
2026-09-11T10:52:30Z	4	0.0	1964	08:09:22
2026-09-11T10:53:00Z	4	0.0	1964	08:09:52
2026-09-11T10:53:30Z	4	0.0	1964	08:10:22
2026-09-11T10:54:00Z	4	0.0	1964	08:10:52
2026-09-11T10:54:30Z	4	0.0	1964	08:11:22
2026-09-11T10:55:00Z	4	0.0	1964	08:11:52
2026-09-11T10:55:30Z	4	0.0	1964	08:12:22
2026-09-11T10:56:00Z	4	0.0	1964	08:12:52
2026-09-11T10:56:30Z	4	0.0	1964	08:13:22
2026-09-11T10:57:00Z	4	0.0	1964	08:13:52
2026-09-11T10:57:30Z	4	0.0	1964	08:14:22
2026-09-11T10:58:00Z	4	0.0	1964	08:14:52
2026-09-11T10:58:30Z	4	0.0	1964	08:15:22
2026-09-11T10:59:00Z	4	0.0	1964	08:15:52
2026-09-11T10:59:30Z	4	0.0	1964	08:16:22
2026-09-11T11:00:00Z	4	0.0	1964	08:16:52
2026-09-11T11:00:30Z	4	0.0	1964	08:17:22
2026-09-11T11:01:00Z	4	0.0	1964	08:17:52
2026-09-11T11:01:30Z	4	0.0	1964	08:18:22
2026-09-11T11:02:00Z	4	0.0	1964	08:18:52
2026-09-11T11:02:30Z	4	0.0	1964	08:19:22
2026-09-11T11:03:00Z	4	0.0	1964	08:19:52
2026-09-11T11:03:30Z	4	0.0	1964	08:20:22
2026-09-11T11:04:00Z	4	0.0	1964	08:20:52
2026-09-11T11:04:30Z	4	0.0	1964	08:21:22
2026-09-11T11:05:00Z	4	0.0	1964	08:21:52
2026-09-11T11:05:30Z	4	0.0	1964	08:22:22
2026-09-11T11:06:01Z	4	0.0	1964	08:22:53
2026-09-11T11:06:31Z	4	0.0	1964	08:23:23
2026-09-11T11:07:01Z	4	0.0	1964	08:23:53
2026-09-11T11:07:31Z	4	0.0	1964	08:24:23
2026-09-11T11:08:01Z	4	0.0	1964	08:24:53
2026-09-11T11:08:31Z	4	0.0	1964	08:25:23
2026-09-11T11:09:01Z	4	0.0	1964	08:25:53
2026-09-11T11:09:31Z	4	0.0	1964	08:26:23
2026-09-11T11:10:01Z	4	0.0	1964	08:26:53
2026-09-11T11:10:31Z	4	0.0	1964	08:27:23
2026-09-11T11:11:01Z	4	0.0	1964	08:27:53
2026-09-11T11:11:31Z	4	0.0	1964	08:28:23
2026-09-11T11:12:01Z	4	0.0	1964	08:28:53
2026-09-11T11:12:31Z	4	0.0	1964	08:29:23
2026-09-11T11:13:01Z	4	0.0	1964	08:29:53
2026-09-11T11:13:31Z	4	0.0	1964	08:30:23
2026-09-11T11:14:01Z	4	0.0	1964	08:30:53
2026-09-11T11:14:31Z	4	0.0	1964	08:31:23
2026-09-11T11:15:01Z	4	0.0	1964	08:31:53
2026-09-11T11:15:31Z	4	0.0	1964	08:32:23
2026-09-11T11:16:01Z	4	0.0	1964	08:32:53
2026-09-11T11:16:31Z	4	0.0	1964	08:33:23
2026-09-11T11:17:01Z	4	0.0	1964	08:33:53
2026-09-11T11:17:31Z	4	0.0	1964	08:34:23
2026-09-11T11:18:01Z	4	0.0	1964	08:34:53
2026-09-11T11:18:31Z	4	0.0	1964	08:35:23
2026-09-11T11:19:01Z	4	0.0	1964	08:35:53
2026-09-11T11:19:31Z	4	0.0	1964	08:36:23
2026-09-11T11:20:01Z	4	0.0	1964	08:36:53
