"origin_weekF","type","horizon","target_weekF","point_pct","ci_lo_pct","ci_hi_pct","pi_lo_pct","pi_hi_pct","target_N"
8,"A",1,9,0.867157606191843,0.833580687945584,0.902074711286514,0.643304553919079,1.11731843575419,5907
8,"A",2,10,0.862251114874183,0.829277837699961,0.896523604584644,0.626959247648903,1.10542814717043,6061
8,"B",1,9,0.0873073644913887,0.083922470035529,0.0908286597827857,0.0171115674195756,0.171115674195756,5844
8,"B",2,10,0.0908186630623656,0.0872885772041498,0.0944913760687058,0.01669449081803,0.1669449081803,5990
9,"A",1,10,1.87433459580188,1.77824297938892,1.97551431622948,1.53440026398284,2.24385414948028,6061
9,"A",2,11,1.86383650944929,1.77031370304518,1.96220128144591,1.53937240970989,2.20544701006513,6756
9,"B",1,10,0.0507520822863177,0.048016459373153,0.0536434771245959,0,0.11686143572621,5990
9,"B",2,11,0.0527939895043653,0.0499211567143008,0.0558320540031431,0,0.119670905011219,6685
10,"A",1,11,2.49935127310899,2.38583677768927,2.61812175924832,2.1166370633511,2.90112492599171,6756
10,"A",2,12,2.48544115868,2.37425327027873,2.60169728606741,2.11935303959844,2.87228109313999,7172
10,"B",1,11,0.0152715679644609,0.0138311669276218,0.0168619494957315,0,0.0448765893792072,6685
10,"B",2,12,0.0158862154533676,0.014377586193245,0.0175531162518532,0,0.0564254478769925,7089
11,"A",1,12,1.6772674354499,1.60306093931204,1.75484772549964,1.38036809815951,1.99386503067485,7172
11,"A",2,13,1.66785435491146,1.59317730126638,1.74596964431659,NA,NA,NA
11,"B",1,12,0.031207952910965,0.0278640575215887,0.034953000464189,0,0.0846381718154888,7089
11,"B",2,13,0.0324637970742215,0.0289814006580759,0.0363644849909002,NA,NA,NA
12,"A",1,13,3.51705404452421,3.32623392242563,3.71840011844466,NA,NA,NA
12,"A",2,14,3.49768310318726,3.31018051155182,3.6954007097878,NA,NA,NA
12,"B",1,13,0.0378551658272124,0.0360244034861056,0.0397789305966231,NA,NA,NA
12,"B",2,14,0.0393783961687812,0.0374711299504494,0.0413827013209349,NA,NA,NA
