"season","ignition_week_decimal","peak_week_decimal","peak_sensitivity_low","peak_sensitivity_high","peak_sensitivity_range","peak_ambiguous","ignition_to_peak_weeks"
"2012-13",18.5,26.76,26.69,27.08,0.390000000000001,FALSE,8.26
"2013-14",19.5,28.08,27.9,28.11,0.209999999999997,FALSE,8.58
"2014-15",19.7,28.35,28.07,28.97,0.899999999999999,FALSE,8.65
"2016-17",18.5,29.71,29.3,30.22,0.919999999999998,FALSE,11.21
"2017-18",19.2,31.64,30.87,32.84,1.97,TRUE,12.44
"2018-19",19.5,30.68,29.67,32.75,3.08,TRUE,11.18
"2019-20",20.8,29.12,28.98,29.65,0.670000000000002,FALSE,8.32
"2022-23",14.7,20.66,20.16,20.86,0.699999999999999,FALSE,5.96
"2023-24",19.5,26.35,26.02,28.16,2.14,TRUE,6.85
"2024-25",22.6,31.59,31.59,32.09,0.500000000000004,FALSE,8.99
"2025-26",18.3,24.39,24.18,25.28,1.1,TRUE,6.09
