"season","origin_weekF","origin_week_end","type","horizon","target_weekF","forecast_pct","route","timing_available","prob_peak_passed","observed_target_pct","error_pp","abs_error_pp","governed_issued","governance_note"
"2026-27",8,"2026-08-29","A",1,9,0.867157606191843,"exact_A1_state_diagnostic",FALSE,,1.32091447925487,-0.453756873063027,0.453756873063027,FALSE,"Pre-weekF12 walk-forward diagnostic; not an issued v3 forecast."
"2026-27",8,"2026-08-29","A",2,10,0.862251114874183,"exact_A1_state_diagnostic",FALSE,,1.84818481848185,-0.985933703607667,0.985933703607667,FALSE,"Pre-weekF12 walk-forward diagnostic; not an issued v3 forecast."
"2026-27",8,"2026-08-29","B",1,9,0.0873073644913887,"exact_B1_state_diagnostic",FALSE,,0.0513434879342803,0.0359638765571084,0.0359638765571084,FALSE,"Pre-weekF12 walk-forward diagnostic; not an issued v3 forecast."
"2026-27",8,"2026-08-29","B",2,10,0.0908186630623656,"exact_B1_fallback_diagnostic",FALSE,,0.01669727834363,0.0741213847187356,0.0741213847187356,FALSE,"Pre-weekF12 walk-forward diagnostic; not an issued v3 forecast."
"2026-27",9,"2026-09-05","A",1,10,1.87433459580188,"exact_A1_state_diagnostic",FALSE,,1.84818481848185,0.0261497773200312,0.0261497773200312,FALSE,"Pre-weekF12 walk-forward diagnostic; not an issued v3 forecast."
"2026-27",9,"2026-09-05","A",2,11,1.86383650944929,"exact_A1_state_diagnostic",FALSE,,1.74268828610395,0.121148223345335,0.121148223345335,FALSE,"Pre-weekF12 walk-forward diagnostic; not an issued v3 forecast."
"2026-27",9,"2026-09-05","B",1,10,0.0507520822863177,"exact_B1_state_diagnostic",FALSE,,0.01669727834363,0.0340548039426877,0.0340548039426877,FALSE,"Pre-weekF12 walk-forward diagnostic; not an issued v3 forecast."
"2026-27",9,"2026-09-05","B",2,11,0.0527939895043653,"exact_B1_fallback_diagnostic",FALSE,,0.0306278713629403,0.022166118141425,0.022166118141425,FALSE,"Pre-weekF12 walk-forward diagnostic; not an issued v3 forecast."
"2026-27",10,"2026-09-12","A",1,11,2.49935127310899,"exact_A1_state_diagnostic",FALSE,,1.74268828610395,0.756662987005035,0.756662987005035,FALSE,"Pre-weekF12 walk-forward diagnostic; not an issued v3 forecast."
"2026-27",10,"2026-09-12","A",2,12,2.48544115868,"exact_A1_state_diagnostic",FALSE,,,,,FALSE,"Pre-weekF12 walk-forward diagnostic; not an issued v3 forecast."
"2026-27",10,"2026-09-12","B",1,11,0.0152715679644609,"exact_B1_state_diagnostic",FALSE,,0.0306278713629403,-0.0153563033984794,0.0153563033984794,FALSE,"Pre-weekF12 walk-forward diagnostic; not an issued v3 forecast."
"2026-27",10,"2026-09-12","B",2,12,0.0158862154533676,"exact_B1_fallback_diagnostic",FALSE,,,,,FALSE,"Pre-weekF12 walk-forward diagnostic; not an issued v3 forecast."
"2026-27",11,"2026-09-19","A",1,12,1.6772674354499,"exact_A1_state_diagnostic",FALSE,,,,,FALSE,"Pre-weekF12 walk-forward diagnostic; not an issued v3 forecast."
"2026-27",11,"2026-09-19","A",2,13,1.66785435491146,"exact_A1_state_diagnostic",FALSE,,,,,FALSE,"Pre-weekF12 walk-forward diagnostic; not an issued v3 forecast."
"2026-27",11,"2026-09-19","B",1,12,0.031207952910965,"exact_B1_state_diagnostic",FALSE,,,,,FALSE,"Pre-weekF12 walk-forward diagnostic; not an issued v3 forecast."
"2026-27",11,"2026-09-19","B",2,13,0.0324637970742215,"exact_B1_fallback_diagnostic",FALSE,,,,,FALSE,"Pre-weekF12 walk-forward diagnostic; not an issued v3 forecast."
