"season","weekF","week_start_date","week_end_date","y_A","N_A","p_A","y_B","N_B","p_B","denominator_regime"
"2026-27",1,"2026-07-05","2026-07-11",10,6027,0.00165920026547204,9,5997,0.00150075037518759,"orvt_type_specific"
"2026-27",2,"2026-07-12","2026-07-18",30,5640,0.00531914893617021,7,5610,0.00124777183600713,"orvt_type_specific"
"2026-27",3,"2026-07-19","2026-07-25",8,5610,0.00142602495543672,8,5576,0.00143472022955524,"orvt_type_specific"
"2026-27",4,"2026-07-26","2026-08-01",19,5537,0.00343146108000722,4,5506,0.000726480203414457,"orvt_type_specific"
"2026-27",5,"2026-08-02","2026-08-08",15,5450,0.00275229357798165,2,5393,0.000370851103282032,"orvt_type_specific"
"2026-27",6,"2026-08-09","2026-08-15",23,5488,0.00419096209912536,3,5423,0.000553199336160797,"orvt_type_specific"
"2026-27",7,"2026-08-16","2026-08-22",31,5587,0.00554859495256846,4,5521,0.000724506429994566,"orvt_type_specific"
"2026-27",8,"2026-08-23","2026-08-29",40,5435,0.00735970561177553,4,5380,0.000743494423791822,"orvt_type_specific"
"2026-27",9,"2026-08-30","2026-09-05",78,5907,0.0132046724225495,3,5844,0.000513347022587269,"orvt_type_specific"
"2026-27",10,"2026-09-06","2026-09-12",112,6061,0.0184787988780729,1,5990,0.000166944908180301,"orvt_type_specific"
"2026-27",11,"2026-09-13","2026-09-19",125,6756,0.01850207223209,2,6685,0.000299177262528048,"orvt_type_specific"
"2026-27",12,"2026-09-20","2026-09-26",212,7172,0.0295593976575572,2,7089,0.000282127239384963,"orvt_type_specific"
