timestamp_utc	state	pid	completed	total	last
2026-09-11T20:43:52Z	running	5	NA	NA	NA
2026-09-11T20:44:22Z	running	5	NA	NA	NA
2026-09-11T20:44:52Z	running	5	NA	NA	NA
2026-09-11T20:45:22Z	running	5	NA	NA	NA
2026-09-11T20:45:52Z	running	5	NA	NA	NA
2026-09-11T20:46:22Z	running	5	NA	NA	NA
2026-09-11T20:46:52Z	running	5	NA	NA	NA
2026-09-11T20:47:22Z	running	5	NA	NA	NA
2026-09-11T20:47:52Z	running	5	NA	NA	NA
2026-09-11T20:48:22Z	running	5	NA	NA	NA
2026-09-11T20:48:52Z	running	5	NA	NA	NA
2026-09-11T20:49:22Z	running	5	NA	NA	NA
2026-09-11T20:49:52Z	running	5	NA	NA	NA
2026-09-11T20:50:22Z	running	5	NA	NA	NA
2026-09-11T20:50:52Z	running	5	NA	NA	NA
2026-09-11T20:51:22Z	running	5	NA	NA	NA
2026-09-11T20:51:52Z	running	5	NA	NA	NA
2026-09-11T20:52:22Z	running	5	NA	NA	NA
2026-09-11T20:52:52Z	running	5	NA	NA	NA
2026-09-11T20:53:22Z	running	5	NA	NA	NA
2026-09-11T20:53:52Z	running	5	NA	NA	NA
2026-09-11T20:54:22Z	running	5	NA	NA	NA
2026-09-11T20:54:52Z	running	5	NA	NA	NA
2026-09-11T20:55:22Z	running	5	NA	NA	NA
2026-09-11T20:55:52Z	running	5	NA	NA	NA
2026-09-11T20:56:22Z	running	5	NA	NA	NA
2026-09-11T20:56:52Z	running	5	NA	NA	NA
2026-09-11T20:57:22Z	running	5	NA	NA	NA
