"season","weekF","y_B","N_B","p_B"
"2026-27",1,6,5662,0.00105969622041681
"2026-27",2,0,5977,0
"2026-27",3,1,5771,0.000173280194073817
"2026-27",4,5,5665,0.00088261253309797
"2026-27",5,0,5732,0
"2026-27",6,3,5527,0.000542789940293107
"2026-27",7,6,5747,0.00104402296850531
"2026-27",8,2,5628,0.000355366027007818
"2026-27",9,2,5709,0.000350324049746015
"2026-27",10,0,6192,0
"2026-27",11,3,6793,0.000441631090828794
"2026-27",12,2,7542,0.000265181649429859
"2026-27",13,1,7798,0.000128238009746089
"2026-27",14,4,7854,0.000509294626941686
"2026-27",15,1,7882,0.000126871352448617
"2026-27",16,4,7586,0.000527287107830214
"2026-27",17,2,7896,0.000253292806484296
"2026-27",18,3,7960,0.000376884422110553
"2026-27",19,9,8495,0.00105944673337257
"2026-27",20,4,9089,0.000440092419408076
"2026-27",21,17,9797,0.00173522506889864
"2026-27",22,30,11253,0.00266595574513463
"2026-27",23,19,13711,0.00138574866895194
"2026-27",24,27,17309,0.00155988214223814
"2026-27",25,55,19645,0.00279969457877322
"2026-27",26,76,18317,0.00414915106185511
"2026-27",27,69,18203,0.00379058396967533
"2026-27",28,65,14451,0.00449795861878071
"2026-27",29,56,11786,0.00475139996606143
"2026-27",30,75,10773,0.00696184906711222
"2026-27",31,80,10030,0.00797607178464606
"2026-27",32,98,10315,0.00950072709646146
"2026-27",33,135,10414,0.012963318609564
"2026-27",34,182,10831,0.0168036192410673
"2026-27",35,230,10546,0.0218092167646501
"2026-27",36,271,10095,0.0268449727587915
"2026-27",37,351,10558,0.0332449327524152
"2026-27",38,336,10096,0.0332805071315372
"2026-27",39,347,9549,0.0363388836527385
"2026-27",40,408,9383,0.0434828945966109
"2026-27",41,473,9675,0.0488888888888889
"2026-27",42,433,9950,0.0435175879396985
"2026-27",43,303,8485,0.0357100766057749
"2026-27",44,264,8031,0.0328726186029137
"2026-27",45,241,8251,0.0292085807780875
